ID,Sex,Binned_Onset_Age,FUS,fqFUS,FBTCS,fqFBTCS,SE,Number_ASMs,Binned_Age_at_Scan,Binned_Age_at_Surgery,ILAE_Year1,
1,M,1 to 2,TRUE,2,TRUE,3,FALSE,3,20 to 24,20 to 24,4,
2,F,15 to 19,TRUE,42,TRUE,0.33,FALSE,1,35 to 39,35 to 39,1,
3,M,15 to 19,TRUE,1.5,TRUE,0,FALSE,2,25 to 29,25 to 29,1,
4,M,11 to 14,TRUE,10,FALSE,NA,FALSE,2,40 to 44,45 to 49,4,
5,F,5 to 7,TRUE,4,TRUE,0,FALSE,2,45 to 49,45 to 49,2,
6,F,20 to 24,TRUE,6,FALSE,NA,FALSE,3,20 to 24,25 to 29,3,
7,F,5 to 7,FALSE,NA,TRUE,9.5,TRUE,3,25 to 29,25 to 29,1,
8,F,3 to 4,TRUE,16,FALSE,NA,FALSE,3,40 to 44,40 to 44,1,
9,F,20 to 24,TRUE,10,TRUE,0,FALSE,2,25 to 29,25 to 29,1, 
10,M,20 to 24,TRUE,10,TRUE,0.16,FALSE,2,20 to 24,25 to 29,4,
11,F,5 to 7,TRUE,2.5,TRUE,0,FALSE,5,20 to 24,25 to 29,1,
12,F,20 to 24,TRUE,0.33,TRUE,0,FALSE,2,25 to 29,30 to 34,2,
13,M,11 to 14,TRUE,4,FALSE,NA,FALSE,3,25 to 29,25 to 29,NA,
14,F,5 to 7,TRUE,70,TRUE,0,FALSE,4,20 to 24,20 to 24,4,
15,F,15 to 19,TRUE,8,TRUE,0,FALSE,2,30 to 34,35 to 39,NA,
16,M,Over 40,TRUE,14,TRUE,0,FALSE,2,55 to 59,60 to 64,1,
17,F,20 to 24,TRUE,16,TRUE,2,FALSE,3,30 to 34,30 to 34,4,
18,F,11 to 14,FALSE,NA,TRUE,0,FALSE,2,35 to 39,35 to 39,1,
19,M,3 to 4,TRUE,10,TRUE,0.5,TRUE,3,25 to 29,30 to 34,1,
21,M,25 to 29,FALSE,NA,FALSE,NA,FALSE,1,25 to 29,30 to 34,1,
22,F,1 to 2,TRUE,5,FALSE,NA,FALSE,1,30 to 34,40 to 44,1,
23,M,35 to 39,TRUE,17.5,TRUE,10,FALSE,3,35 to 39,40 to 44,4,
24,F,Over 40,TRUE,28,TRUE,0,FALSE,2,45 to 49,50 to 54,4,
25,F,3 to 4,TRUE,8,FALSE,NA,FALSE,2,15 to 20,15 to 20,1,
26,F,Less than 1,TRUE,4,TRUE,0.1,FALSE,2,25 to 29,25 to 29,1,
27,F,8 to 10,TRUE,15,TRUE,0.08,TRUE,2,40 to 44,40 to 44,1,
28,M,15 to 19,TRUE,10,TRUE,1,FALSE,3,20 to 24,20 to 24,5,
29,F,Less than 1,TRUE,10,TRUE,3.5,FALSE,1,30 to 34,35 to 39,4,
30,F,25 to 29,TRUE,28,FALSE,NA,FALSE,4,55 to 59,60 to 64,2,
31,F,11 to 14,TRUE,8,TRUE,0,FALSE,2,50 to 54,50 to 54,3,
32,F,5 to 7,FALSE,NA,TRUE,3.5,TRUE,2,30 to 34,30 to 34,3,
33,M,8 to 10,TRUE,1,TRUE,NA,FALSE,3,35 to 39,35 to 39,1,
34,F,Less than 1,TRUE,56,TRUE,NA,FALSE,3,20 to 24,20 to 24,1,
35,F,25 to 29,TRUE,0.5,TRUE,0,FALSE,1,30 to 34,30 to 34,1,
36,M,20 to 24,TRUE,25,TRUE,0,FALSE,3,30 to 34,35 to 39,1,
37,F,8 to 10,TRUE,5,TRUE,0.08,FALSE,3,30 to 34,35 to 39,1,
38,M,5 to 7,TRUE,1,TRUE,0.5,FALSE,4,30 to 34,35 to 39,5,
39,F,20 to 24,TRUE,2.5,TRUE,0,FALSE,3,55 to 59,55 to 59,1,
40,F,11 to 14,TRUE,5,TRUE,0.2,FALSE,3,40 to 44,40 to 44,4,
41,M,5 to 7,TRUE,10,FALSE,NA,FALSE,2,15 to 20,15 to 20,1,
42,M,11 to 14,TRUE,126,TRUE,2,FALSE,2,20 to 24,25 to 29,3,
43,F,5 to 7,TRUE,12,TRUE,0.16,FALSE,2,45 to 49,45 to 49,1,
44,F,25 to 29,TRUE,2,TRUE,0.25,TRUE,2,35 to 39,35 to 39,1,
45,F,15 to 19,TRUE,56,TRUE,0,FALSE,3,35 to 39,35 to 39,1,
46,F,20 to 24,TRUE,28,TRUE,0,FALSE,3,30 to 34,30 to 34,2,
47,M,15 to 19,TRUE,12,TRUE,0,FALSE,3,65 to 70,65 to 70,1,
48,M,11 to 14,TRUE,2,TRUE,0.5,FALSE,3,45 to 49,50 to 54,1,
49,F,15 to 19,TRUE,2,TRUE,2,TRUE,2,45 to 49,45 to 49,4,
50,F,8 to 10,TRUE,70,TRUE,0,FALSE,4,50 to 54,55 to 59,4,
51,M,20 to 24,TRUE,24,TRUE,12,FALSE,2,30 to 34,30 to 34,1,
53,M,25 to 29,TRUE,34,TRUE,0.16,FALSE,3,40 to 44,45 to 49,5,
54,M,30 to 34,TRUE,1,TRUE,0,FALSE,2,50 to 54,55 to 59,1,
55,M,1 to 2,TRUE,2,TRUE,0.25,FALSE,2,35 to 39,35 to 39,1,
56,F,5 to 7,TRUE,25,FALSE,NA,FALSE,1,30 to 34,35 to 39,1,
57,M,3 to 4,TRUE,6,TRUE,0.3,TRUE,2,40 to 44,40 to 44,1,
58,M,5 to 7,TRUE,72.5,FALSE,NA,FALSE,4,30 to 34,35 to 39,4,
59,F,35 to 39,TRUE,1,FALSE,NA,FALSE,3,40 to 44,40 to 44,1,
60,M,Over 40,TRUE,21.5,TRUE,0,FALSE,1,60 to 64,60 to 64,1,
61,M,35 to 39,TRUE,3,TRUE,0.33,FALSE,3,45 to 49,50 to 54,1,
62,F,15 to 19,TRUE,14,TRUE,3,FALSE,2,15 to 20,20 to 24,1,
63,M,5 to 7,TRUE,3.5,TRUE,NA,FALSE,3,25 to 29,25 to 29,1,
64,M,8 to 10,TRUE,4,FALSE,NA,FALSE,3,30 to 34,30 to 34,1,
65,F,15 to 19,TRUE,16,TRUE,0,FALSE,2,50 to 54,50 to 54,1,
66,M,15 to 19,TRUE,4,TRUE,0,FALSE,4,25 to 29,30 to 34,4,
67,F,15 to 19,TRUE,2,TRUE,0,FALSE,3,40 to 44,45 to 49,1,
68,F,20 to 24,TRUE,32,FALSE,NA,FALSE,1,40 to 44,40 to 44,4,
69,F,11 to 14,TRUE,1,TRUE,0,FALSE,3,15 to 20,15 to 20,1,
70,M,8 to 10,TRUE,5,TRUE,2,FALSE,4,45 to 49,50 to 54,1,
71,M,11 to 14,TRUE,24,FALSE,NA,FALSE,3,55 to 59,55 to 59,1,
72,F,30 to 34,TRUE,8,TRUE,0.2,FALSE,1,45 to 49,50 to 54,5,
74,M,11 to 14,TRUE,10,TRUE,0,FALSE,2,15 to 20,20 to 24,1,
75,F,35 to 39,FALSE,NA,TRUE,0.75,FALSE,3,40 to 44,45 to 49,4,
76,F,3 to 4,TRUE,5,TRUE,0,FALSE,2,25 to 29,30 to 34,2,
77,F,Less than 1,TRUE,7.5,TRUE,NA,FALSE,3,20 to 24,20 to 24,4,
78,F,20 to 24,TRUE,4,TRUE,0,FALSE,2,60 to 64,60 to 64,1,
79,F,8 to 10,TRUE,490,TRUE,0.25,FALSE,2,20 to 24,20 to 24,2,
81,M,11 to 14,TRUE,0.5,TRUE,0.16,FALSE,2,30 to 34,30 to 34,2,
82,F,8 to 10,TRUE,4,FALSE,NA,FALSE,2,20 to 24,20 to 24,1,
83,M,5 to 7,TRUE,126,TRUE,0,FALSE,4,30 to 34,30 to 34,3,
84,F,Less than 1,TRUE,10,TRUE,0,TRUE,2,20 to 24,20 to 24,1,
85,F,35 to 39,TRUE,1,TRUE,NA,TRUE,3,40 to 44,45 to 49,2,
86,M,8 to 10,TRUE,5,TRUE,28,FALSE,3,20 to 24,25 to 29,1,
87,F,20 to 24,TRUE,4,TRUE,0,FALSE,2,50 to 54,50 to 54,1,
88,M,35 to 39,TRUE,2,TRUE,1.5,FALSE,3,45 to 49,45 to 49,4,
89,M,5 to 7,TRUE,2,TRUE,1.5,FALSE,3,30 to 34,30 to 34,1,
90,M,15 to 19,TRUE,8,FALSE,NA,FALSE,4,40 to 44,40 to 44,1,
91,F,20 to 24,TRUE,1.5,TRUE,0,FALSE,2,25 to 29,25 to 29,1,
92,M,11 to 14,TRUE,3,TRUE,3,TRUE,3,35 to 39,35 to 39,4,
93,F,3 to 4,TRUE,6,FALSE,NA,FALSE,3,45 to 49,50 to 54,1,
94,F,11 to 14,TRUE,6,TRUE,0,FALSE,2,45 to 49,45 to 49,1,
95,F,8 to 10,TRUE,6,FALSE,NA,FALSE,1,30 to 34,30 to 34,1,
96,F,Over 40,TRUE,NA,FALSE,NA,FALSE,1,65 to 70,65 to 70,1,
97,M,Less than 1,TRUE,4,TRUE,1,FALSE,3,40 to 44,45 to 49,2,
98,M,5 to 7,TRUE,10,TRUE,0,FALSE,3,20 to 24,25 to 29,1,
99,M,20 to 24,TRUE,3,TRUE,0,FALSE,3,35 to 39,35 to 39,3,
100,M,5 to 7,FALSE,NA,FALSE,NA,FALSE,4,25 to 29,25 to 29,3,
101,F,11 to 14,TRUE,12,TRUE,0,FALSE,2,20 to 24,20 to 24,2,
102,F,20 to 24,TRUE,2.5,TRUE,1,FALSE,1,30 to 34,30 to 34,3,
103,M,8 to 10,TRUE,8,TRUE,2,FALSE,2,25 to 29,30 to 34,NA,
104,M,11 to 14,TRUE,0,TRUE,0,TRUE,5,15 to 20,15 to 20,5,
105,F,3 to 4,TRUE,16,TRUE,0.83,FALSE,2,35 to 39,35 to 39,1,
106,F,Less than 1,TRUE,12,TRUE,3,FALSE,2,20 to 24,25 to 29,2,
108,F,5 to 7,TRUE,6,TRUE,0.12,FALSE,3,30 to 34,30 to 34,NA,
109,M,1 to 2,TRUE,12,TRUE,0,FALSE,2,40 to 44,45 to 49,1,
110,M,25 to 29,TRUE,8,TRUE,0.12,FALSE,3,35 to 39,40 to 44,1,
111,F,30 to 34,TRUE,30,TRUE,0.5,FALSE,2,35 to 39,40 to 44,5,
112,M,11 to 14,TRUE,210,TRUE,0.2,TRUE,2,20 to 24,20 to 24,4,
113,M,15 to 19,TRUE,14,FALSE,NA,FALSE,3,15 to 20,20 to 24,5,
114,F,30 to 34,TRUE,4.5,TRUE,NA,FALSE,3,35 to 39,35 to 39,1,
115,F,35 to 39,TRUE,4,TRUE,0,FALSE,3,40 to 44,40 to 44,1,
116,M,11 to 14,TRUE,112,TRUE,0,FALSE,2,25 to 29,25 to 29,1,
117,F,20 to 24,TRUE,28,TRUE,0,FALSE,2,35 to 39,35 to 39,4,
118,M,8 to 10,TRUE,7,TRUE,0,FALSE,4,35 to 39,40 to 44,2,
119,M,11 to 14,TRUE,7,FALSE,NA,FALSE,3,15 to 20,20 to 24,1,
120,M,15 to 19,TRUE,12,TRUE,0,FALSE,3,20 to 24,25 to 29,1,
121,M,3 to 4,TRUE,10,TRUE,0.16,FALSE,2,40 to 44,40 to 44,1,
122,F,20 to 24,TRUE,10,TRUE,0,FALSE,3,55 to 59,60 to 64,1,
123,M,Over 40,FALSE,NA,FALSE,NA,FALSE,2,55 to 59,60 to 64,1,
124,M,20 to 24,TRUE,4,TRUE,0,FALSE,3,25 to 29,30 to 34,2,
125,F,5 to 7,TRUE,70,TRUE,0,FALSE,3,30 to 34,35 to 39,2,
126,F,11 to 14,TRUE,3.5,TRUE,0,FALSE,3,45 to 49,45 to 49,1,
127,F,8 to 10,TRUE,86.5,TRUE,0,TRUE,3,45 to 49,45 to 49,1,
128,F,5 to 7,TRUE,56,TRUE,48,TRUE,3,15 to 20,15 to 20,4,
129,F,35 to 39,TRUE,1,FALSE,NA,FALSE,2,40 to 44,40 to 44,1,
130,M,8 to 10,TRUE,28,FALSE,NA,FALSE,4,35 to 39,35 to 39,1,
131,M,11 to 14,FALSE,NA,TRUE,3,TRUE,5,20 to 24,25 to 29,1,
132,M,30 to 34,TRUE,44,TRUE,0.16,FALSE,1,45 to 49,45 to 49,3,
133,M,30 to 34,TRUE,4,FALSE,NA,FALSE,2,35 to 39,40 to 44,1,
134,M,15 to 19,FALSE,NA,TRUE,1.5,FALSE,2,25 to 29,25 to 29,3,
135,F,15 to 19,TRUE,3.5,TRUE,0.08,FALSE,2,50 to 54,50 to 54,1,
136,M,30 to 34,TRUE,56,TRUE,4,TRUE,2,30 to 34,35 to 39,4,
137,M,11 to 14,TRUE,6,TRUE,0,FALSE,5,30 to 34,30 to 34,1,
138,M,1 to 2,TRUE,8,TRUE,4,TRUE,3,15 to 20,20 to 24,1,
141,M,15 to 19,TRUE,1.5,TRUE,1.5,FALSE,1,30 to 34,30 to 34,1,
142,F,5 to 7,TRUE,5,TRUE,0,FALSE,3,30 to 34,35 to 39,2,
143,F,11 to 14,TRUE,9,TRUE,8,TRUE,3,30 to 34,30 to 34,4,
144,F,11 to 14,TRUE,20,TRUE,0.16,FALSE,1,45 to 49,45 to 49,1,
145,F,15 to 19,TRUE,3,TRUE,0.08,FALSE,2,45 to 49,50 to 54,3,
146,F,15 to 19,TRUE,6,TRUE,0,FALSE,1,20 to 24,20 to 24,5,
147,M,5 to 7,TRUE,2.5,TRUE,0,TRUE,2,30 to 34,30 to 34,1,
148,M,5 to 7,TRUE,16.5,TRUE,0,FALSE,4,40 to 44,40 to 44,1,
149,F,8 to 10,TRUE,12,FALSE,NA,FALSE,3,25 to 29,25 to 29,3,
150,F,15 to 19,TRUE,20,TRUE,4,TRUE,4,25 to 29,30 to 34,1,
151,F,25 to 29,TRUE,4.5,TRUE,0,FALSE,5,30 to 34,35 to 39,3,
152,F,5 to 7,TRUE,3,TRUE,1.5,FALSE,4,20 to 24,20 to 24,1,
153,F,35 to 39,TRUE,1,TRUE,0,FALSE,3,40 to 44,45 to 49,3,
154,M,15 to 19,TRUE,10,FALSE,NA,FALSE,4,30 to 34,30 to 34,1,
155,F,1 to 2,TRUE,4,TRUE,0.16,TRUE,2,25 to 29,30 to 34,3,
156,M,25 to 29,TRUE,42,TRUE,1.5,FALSE,3,30 to 34,30 to 34,1,
157,F,20 to 24,TRUE,3,TRUE,0.08,FALSE,6,30 to 34,30 to 34,4,
158,M,15 to 19,TRUE,28,FALSE,NA,FALSE,3,20 to 24,25 to 29,NA,
159,M,20 to 24,TRUE,42,TRUE,1,FALSE,4,25 to 29,25 to 29,4,
160,M,30 to 34,TRUE,2.5,TRUE,NA,FALSE,2,35 to 39,40 to 44,1,
161,F,15 to 19,TRUE,6,TRUE,1,FALSE,3,30 to 34,30 to 34,3,
162,F,8 to 10,TRUE,28,TRUE,0.08,FALSE,3,25 to 29,30 to 34,5,
163,F,20 to 24,TRUE,10,FALSE,NA,FALSE,2,25 to 29,25 to 29,1,
164,F,8 to 10,TRUE,4,TRUE,0,FALSE,3,40 to 44,45 to 49,2,
165,F,8 to 10,TRUE,3.5,TRUE,0.33,FALSE,4,20 to 24,20 to 24,2,
166,F,1 to 2,TRUE,NA,FALSE,NA,FALSE,1,30 to 34,30 to 34,1,
167,F,1 to 2,TRUE,8,FALSE,NA,FALSE,1,25 to 29,30 to 34,1,
168,M,30 to 34,TRUE,42,TRUE,0,FALSE,1,40 to 44,45 to 49,1,
169,M,15 to 19,FALSE,NA,TRUE,0,FALSE,2,40 to 44,40 to 44,1,
170,M,25 to 29,TRUE,1.5,TRUE,1.5,FALSE,2,45 to 49,50 to 54,3,
171,F,25 to 29,TRUE,10,FALSE,NA,FALSE,2,35 to 39,40 to 44,NA,
172,F,5 to 7,TRUE,28,TRUE,3,FALSE,2,20 to 24,25 to 29,1,
173,F,5 to 7,TRUE,3,FALSE,NA,FALSE,1,35 to 39,45 to 49,1,
174,M,20 to 24,TRUE,1.5,TRUE,0.18,FALSE,1,25 to 29,30 to 34,1,
175,F,15 to 19,TRUE,0.2,TRUE,0.12,FALSE,3,40 to 44,40 to 44,3,
176,F,15 to 19,TRUE,18,TRUE,0,FALSE,3,20 to 24,25 to 29,1,
177,F,20 to 24,TRUE,4,TRUE,0,FALSE,1,25 to 29,25 to 29,1,
178,M,11 to 14,TRUE,2,FALSE,NA,FALSE,3,25 to 29,25 to 29,1,
179,M,15 to 19,TRUE,9,TRUE,0,FALSE,2,30 to 34,35 to 39,4,
180,M,20 to 24,TRUE,0.5,TRUE,0,FALSE,2,30 to 34,30 to 34,1,
181,F,30 to 34,TRUE,8,TRUE,1,FALSE,2,35 to 39,35 to 39,3,
182,F,20 to 24,TRUE,2,FALSE,NA,FALSE,2,25 to 29,25 to 29,1,
183,M,20 to 24,FALSE,NA,TRUE,2,FALSE,2,30 to 34,30 to 34,2,
184,F,5 to 7,TRUE,1.5,FALSE,NA,FALSE,3,30 to 34,30 to 34,1,
185,F,20 to 24,TRUE,2,TRUE,0.08,FALSE,2,25 to 29,25 to 29,2,
186,F,25 to 29,TRUE,42,TRUE,1,FALSE,4,25 to 29,25 to 29,1,
187,F,1 to 2,TRUE,70,FALSE,NA,TRUE,2,25 to 29,30 to 34,1,
188,F,11 to 14,TRUE,4,TRUE,4,FALSE,4,25 to 29,25 to 29,4,
189,M,11 to 14,TRUE,0.2,TRUE,0,FALSE,1,35 to 39,35 to 39,1,
190,F,15 to 19,TRUE,8,TRUE,0,FALSE,2,40 to 44,40 to 44,3,
191,F,8 to 10,TRUE,13,TRUE,0,FALSE,3,30 to 34,30 to 34,4,
192,M,15 to 19,TRUE,0.5,TRUE,0.25,FALSE,2,20 to 24,20 to 24,1,
193,F,3 to 4,TRUE,4,TRUE,0,TRUE,2,40 to 44,40 to 44,1,
194,F,20 to 24,FALSE,NA,FALSE,NA,FALSE,2,35 to 39,35 to 39,2,
195,F,30 to 34,TRUE,1.5,TRUE,0,FALSE,2,50 to 54,55 to 59,1,
196,F,1 to 2,TRUE,5,TRUE,5,FALSE,2,35 to 39,35 to 39,4,
197,F,1 to 2,TRUE,3,TRUE,0,FALSE,3,55 to 59,60 to 64,1,
198,M,20 to 24,TRUE,2,TRUE,0,FALSE,2,30 to 34,35 to 39,4,
199,F,30 to 34,TRUE,10,TRUE,0.5,FALSE,3,35 to 39,35 to 39,1,
200,M,Over 40,TRUE,0,TRUE,0,FALSE,1,30 to 34,45 to 49,1,
201,M,15 to 19,TRUE,4.5,TRUE,3.5,FALSE,4,50 to 54,50 to 54,1,
202,M,11 to 14,TRUE,10,TRUE,0.16,TRUE,3,35 to 39,35 to 39,3,
203,F,1 to 2,TRUE,2,TRUE,0,FALSE,3,55 to 59,55 to 59,1,
204,F,5 to 7,TRUE,28,TRUE,4,TRUE,5,30 to 34,30 to 34,1,
205,F,15 to 19,TRUE,84,TRUE,28,FALSE,3,25 to 29,25 to 29,1,
206,F,20 to 24,TRUE,10,FALSE,NA,FALSE,3,40 to 44,40 to 44,2,
207,F,20 to 24,TRUE,4,TRUE,0,FALSE,4,45 to 49,45 to 49,1,
208,F,1 to 2,TRUE,2.5,TRUE,2,FALSE,3,15 to 20,20 to 24,3,
209,M,11 to 14,FALSE,NA,TRUE,0.5,FALSE,6,20 to 24,25 to 29,1,
209,M,11 to 14,FALSE,NA,TRUE,0.5,FALSE,6,20 to 24,25 to 29,1,
210,F,Over 40,TRUE,2,FALSE,NA,FALSE,1,45 to 49,45 to 49,NA,
211,F,35 to 39,TRUE,3,FALSE,NA,FALSE,1,40 to 44,40 to 44,1,
213,F,20 to 24,TRUE,10,TRUE,0.5,FALSE,3,35 to 39,35 to 39,1,
214,M,11 to 14,TRUE,126,TRUE,0,FALSE,3,20 to 24,25 to 29,2,
215,F,3 to 4,TRUE,20,TRUE,0,TRUE,2,35 to 39,35 to 39,1,
216,F,11 to 14,TRUE,30,TRUE,8,FALSE,4,20 to 24,25 to 29,3,
217,M,15 to 19,TRUE,4,TRUE,4,FALSE,4,55 to 59,55 to 59,1,
218,F,15 to 19,TRUE,12,FALSE,NA,FALSE,2,35 to 39,45 to 49,4,
219,M,8 to 10,TRUE,6,TRUE,0,FALSE,2,45 to 49,50 to 54,1,
220,M,1 to 2,TRUE,1,TRUE,2,FALSE,3,40 to 44,45 to 49,1,
221,M,30 to 34,TRUE,2.5,FALSE,NA,FALSE,2,30 to 34,30 to 34,2,
222,F,8 to 10,TRUE,2,TRUE,0.16,FALSE,3,35 to 39,40 to 44,1,
223,M,5 to 7,TRUE,168,FALSE,NA,FALSE,3,30 to 34,35 to 39,3,
224,F,25 to 29,TRUE,8,FALSE,NA,FALSE,3,35 to 39,40 to 44,1,
225,M,15 to 19,TRUE,26,FALSE,NA,FALSE,3,20 to 24,25 to 29,1,
226,F,5 to 7,FALSE,NA,TRUE,6,FALSE,2,15 to 20,20 to 24,NA,
227,F,3 to 4,TRUE,2,TRUE,0,FALSE,2,40 to 44,40 to 44,1,
228,M,30 to 34,TRUE,4,FALSE,NA,FALSE,1,45 to 49,45 to 49,1,
229,F,5 to 7,TRUE,5.5,TRUE,0,FALSE,3,45 to 49,45 to 49,1,
230,M,11 to 14,TRUE,42,FALSE,NA,FALSE,1,25 to 29,25 to 29,1,
231,M,5 to 7,TRUE,0,TRUE,10,FALSE,1,20 to 24,25 to 29,3,
232,F,11 to 14,TRUE,14,TRUE,1.5,FALSE,2,35 to 39,45 to 49,5,
233,M,5 to 7,TRUE,0.41,FALSE,NA,FALSE,2,50 to 54,50 to 54,1,
234,F,15 to 19,TRUE,126,TRUE,0,FALSE,2,45 to 49,45 to 49,4,
235,M,25 to 29,TRUE,4,TRUE,8,FALSE,3,50 to 54,50 to 54,4,
236,F,5 to 7,TRUE,10,TRUE,0,FALSE,2,15 to 20,15 to 20,1,
237,F,25 to 29,TRUE,7,TRUE,0,FALSE,3,35 to 39,40 to 44,1,
238,M,11 to 14,TRUE,8,FALSE,NA,FALSE,1,40 to 44,45 to 49,3,
240,M,8 to 10,TRUE,10,FALSE,NA,FALSE,2,25 to 29,35 to 39,1,
241,F,8 to 10,TRUE,350,FALSE,NA,FALSE,3,25 to 29,25 to 29,1,
242,M,8 to 10,FALSE,NA,FALSE,NA,FALSE,4,50 to 54,55 to 59,1,
243,F,20 to 24,TRUE,3,TRUE,28,FALSE,3,55 to 59,60 to 64,1,
244,M,5 to 7,TRUE,128,TRUE,12.5,FALSE,3,35 to 39,35 to 39,5,
245,F,3 to 4,TRUE,14,TRUE,14,FALSE,1,40 to 44,40 to 44,4,
246,M,8 to 10,TRUE,50,TRUE,0.08,TRUE,3,35 to 39,35 to 39,5,
247,F,8 to 10,TRUE,9,TRUE,4,FALSE,3,35 to 39,40 to 44,4,
248,M,11 to 14,TRUE,6,TRUE,0.2,FALSE,4,25 to 29,30 to 34,3,
249,M,15 to 19,TRUE,1,TRUE,0,FALSE,3,25 to 29,30 to 34,4,
250,F,11 to 14,TRUE,1.5,FALSE,NA,FALSE,3,35 to 39,40 to 44,1,
251,F,8 to 10,TRUE,2.5,TRUE,0,TRUE,2,50 to 54,50 to 54,2,
252,M,11 to 14,FALSE,NA,TRUE,0.5,FALSE,2,15 to 20,15 to 20,2,
253,M,25 to 29,FALSE,NA,TRUE,0,FALSE,2,25 to 29,30 to 34,1,
254,F,Less than 1,TRUE,5,TRUE,0.5,FALSE,3,15 to 20,20 to 24,4,
255,F,11 to 14,TRUE,34,FALSE,NA,TRUE,3,20 to 24,20 to 24,1,
256,M,5 to 7,TRUE,84,TRUE,1,TRUE,3,30 to 34,30 to 34,1,
257,F,20 to 24,TRUE,9,TRUE,0.08,FALSE,1,20 to 24,25 to 29,1,
258,F,15 to 19,TRUE,45,TRUE,0,FALSE,3,50 to 54,55 to 59,4,
259,M,Over 40,TRUE,2,FALSE,NA,FALSE,2,45 to 49,45 to 49,1,
260,F,20 to 24,TRUE,3,TRUE,0,FALSE,2,30 to 34,45 to 49,1,
261,M,30 to 34,TRUE,0.2,TRUE,1,FALSE,3,40 to 44,40 to 44,4,
262,F,20 to 24,TRUE,11,TRUE,0.08,FALSE,2,25 to 29,30 to 34,2,
263,F,15 to 19,TRUE,2,TRUE,0.12,FALSE,1,25 to 29,30 to 34,4,
264,F,3 to 4,TRUE,2,FALSE,NA,FALSE,2,45 to 49,50 to 54,3,
265,F,1 to 2,TRUE,2,TRUE,0,TRUE,3,15 to 20,15 to 20,1,
266,F,11 to 14,TRUE,22,TRUE,0,FALSE,2,15 to 20,20 to 24,1,
267,M,11 to 14,TRUE,8,TRUE,0,FALSE,3,20 to 24,20 to 24,1,
268,M,15 to 19,TRUE,8,TRUE,2,FALSE,4,60 to 64,60 to 64,4,
269,F,1 to 2,TRUE,10,TRUE,NA,FALSE,2,20 to 24,20 to 24,1,
270,F,1 to 2,TRUE,12,TRUE,1,FALSE,2,15 to 20,15 to 20,1,
271,F,15 to 19,TRUE,14,TRUE,0,FALSE,3,30 to 34,30 to 34,3,
273,F,20 to 24,TRUE,12,TRUE,0,FALSE,2,20 to 24,20 to 24,1,
275,M,1 to 2,TRUE,4,TRUE,NA,FALSE,2,15 to 20,15 to 20,2,
276,M,20 to 24,TRUE,84,TRUE,0.29,TRUE,2,25 to 29,25 to 29,1,
277,M,20 to 24,TRUE,0.16,FALSE,NA,FALSE,2,20 to 24,25 to 29,1,
278,F,20 to 24,FALSE,NA,TRUE,0,FALSE,2,25 to 29,30 to 34,1,
279,M,25 to 29,TRUE,18,FALSE,NA,FALSE,3,35 to 39,40 to 44,5,
280,F,8 to 10,TRUE,84,TRUE,0.08,FALSE,1,25 to 29,25 to 29,1,
281,M,25 to 29,TRUE,28,FALSE,NA,FALSE,3,35 to 39,35 to 39,2,
282,M,11 to 14,TRUE,20,TRUE,0.25,FALSE,3,20 to 24,25 to 29,2,
283,F,11 to 14,TRUE,28,TRUE,28,FALSE,2,15 to 20,30 to 34,4,
285,F,5 to 7,TRUE,2.5,TRUE,2.5,FALSE,3,20 to 24,25 to 29,1,
286,F,15 to 19,TRUE,4,TRUE,0.08,FALSE,1,25 to 29,25 to 29,1,
287,M,11 to 14,TRUE,1,TRUE,0,FALSE,1,35 to 39,45 to 49,1,
288,F,35 to 39,TRUE,1,TRUE,1,FALSE,2,55 to 59,55 to 59,4,
289,F,15 to 19,TRUE,2,TRUE,0,FALSE,1,20 to 24,20 to 24,1,
290,M,Less than 1,TRUE,4,TRUE,1,FALSE,4,45 to 49,50 to 54,1,
291,F,3 to 4,TRUE,0,FALSE,NA,FALSE,3,20 to 24,25 to 29,1,
292,M,11 to 14,TRUE,4,TRUE,NA,FALSE,3,15 to 20,20 to 24,1,
293,M,5 to 7,TRUE,20,TRUE,0,FALSE,2,50 to 54,50 to 54,4,
294,M,20 to 24,TRUE,7,TRUE,0,FALSE,4,35 to 39,35 to 39,NA,
295,M,3 to 4,TRUE,140,TRUE,0,FALSE,2,45 to 49,45 to 49,1,
296,M,11 to 14,TRUE,980,TRUE,0.08,FALSE,4,25 to 29,30 to 34,4,
297,F,11 to 14,TRUE,5,TRUE,1,FALSE,2,40 to 44,55 to 59,4,
298,F,8 to 10,FALSE,NA,FALSE,NA,FALSE,1,50 to 54,50 to 54,2,
299,M,30 to 34,FALSE,NA,FALSE,NA,FALSE,1,30 to 34,35 to 39,1,
300,M,11 to 14,TRUE,NA,TRUE,NA,FALSE,4,35 to 39,40 to 44,1,
301,F,Less than 1,FALSE,NA,TRUE,6,FALSE,3,30 to 34,30 to 34,1,
302,M,30 to 34,TRUE,8,TRUE,1,TRUE,2,35 to 39,40 to 44,NA,
303,F,30 to 34,TRUE,2,TRUE,0,FALSE,1,35 to 39,35 to 39,1,
304,F,5 to 7,TRUE,126,TRUE,0,FALSE,3,25 to 29,25 to 29,2,
305,F,15 to 19,TRUE,1.5,TRUE,0,FALSE,3,30 to 34,35 to 39,1,
306,F,25 to 29,TRUE,16,FALSE,NA,FALSE,1,45 to 49,45 to 49,2,
308,F,15 to 19,FALSE,NA,TRUE,13.25,FALSE,2,20 to 24,20 to 24,1,
309,M,30 to 34,TRUE,2.5,TRUE,0,FALSE,3,45 to 49,45 to 49,1,
310,M,Less than 1,TRUE,8,TRUE,0,TRUE,3,35 to 39,35 to 39,4,
311,F,5 to 7,TRUE,9,TRUE,0,FALSE,0,20 to 24,25 to 29,2,
312,M,Over 40,TRUE,1,TRUE,0.2,FALSE,2,55 to 59,60 to 64,3,
313,F,11 to 14,TRUE,28,TRUE,0.41,FALSE,2,35 to 39,40 to 44,1,
314,M,5 to 7,TRUE,12,FALSE,NA,FALSE,2,25 to 29,25 to 29,1,
315,F,3 to 4,TRUE,20,TRUE,1,FALSE,3,40 to 44,40 to 44,1,
316,M,1 to 2,TRUE,1,TRUE,0,FALSE,2,40 to 44,45 to 49,1,
317,F,5 to 7,TRUE,2,TRUE,1,FALSE,1,40 to 44,40 to 44,3,
319,M,25 to 29,TRUE,12,TRUE,0.16,FALSE,2,30 to 34,30 to 34,4,
320,F,8 to 10,TRUE,1.3,TRUE,0.16,FALSE,3,30 to 34,30 to 34,2,
321,M,20 to 24,TRUE,2,TRUE,0,FALSE,3,20 to 24,35 to 39,1,
322,M,5 to 7,TRUE,60,FALSE,NA,FALSE,1,40 to 44,45 to 49,1,
323,M,20 to 24,TRUE,0,TRUE,0.75,FALSE,4,30 to 34,30 to 34,5,
324,M,35 to 39,TRUE,1.5,TRUE,0,FALSE,2,50 to 54,50 to 54,1,
325,F,25 to 29,TRUE,4,FALSE,NA,FALSE,2,30 to 34,35 to 39,3,
326,F,11 to 14,TRUE,50,TRUE,0,FALSE,4,20 to 24,20 to 24,2,
327,F,8 to 10,TRUE,5.5,FALSE,NA,FALSE,3,25 to 29,25 to 29,2,
328,M,Over 40,TRUE,44,TRUE,0,FALSE,1,50 to 54,50 to 54,4,
329,M,5 to 7,TRUE,4,TRUE,0,FALSE,4,55 to 59,60 to 64,1,
330,F,25 to 29,TRUE,12,TRUE,3,FALSE,3,40 to 44,40 to 44,1,
331,F,15 to 19,FALSE,NA,TRUE,0,FALSE,4,40 to 44,40 to 44,5,
332,F,15 to 19,TRUE,2,FALSE,NA,FALSE,3,25 to 29,30 to 34,1,
333,M,20 to 24,TRUE,0.4,TRUE,0,FALSE,2,50 to 54,50 to 54,1,
334,M,25 to 29,TRUE,6,TRUE,0,FALSE,2,40 to 44,40 to 44,3,
335,M,8 to 10,FALSE,NA,TRUE,0.33,FALSE,3,25 to 29,25 to 29,1,
336,M,20 to 24,TRUE,10,TRUE,0,FALSE,2,35 to 39,35 to 39,1,
337,F,5 to 7,TRUE,6,FALSE,NA,FALSE,2,45 to 49,45 to 49,1,
338,M,5 to 7,TRUE,148,FALSE,NA,TRUE,3,15 to 20,20 to 24,3,
339,M,11 to 14,TRUE,3.5,FALSE,NA,FALSE,3,30 to 34,30 to 34,3,
340,F,15 to 19,TRUE,10,TRUE,0.08,FALSE,3,50 to 54,50 to 54,3,
341,M,11 to 14,TRUE,1.5,TRUE,0.75,TRUE,3,35 to 39,35 to 39,4,
343,F,15 to 19,TRUE,75,TRUE,0.5,FALSE,3,25 to 29,25 to 29,1,
344,M,5 to 7,TRUE,3,TRUE,0,FALSE,2,45 to 49,45 to 49,1,
345,F,8 to 10,TRUE,1,TRUE,2,FALSE,4,25 to 29,30 to 34,2,
346,M,20 to 24,TRUE,22,TRUE,0,FALSE,3,25 to 29,30 to 34,3,
347,F,15 to 19,TRUE,4.5,FALSE,NA,FALSE,4,50 to 54,50 to 54,1,
348,M,5 to 7,TRUE,3,TRUE,1,FALSE,3,25 to 29,30 to 34,1,
349,M,8 to 10,TRUE,14,TRUE,0.4,FALSE,3,25 to 29,25 to 29,4,
350,F,8 to 10,TRUE,4,TRUE,0,FALSE,2,40 to 44,40 to 44,1,
351,M,15 to 19,TRUE,3,TRUE,0.28,TRUE,2,20 to 24,25 to 29,3,
352,M,8 to 10,TRUE,8,TRUE,0.12,FALSE,2,55 to 59,55 to 59,3,
353,F,30 to 34,TRUE,1.5,FALSE,NA,FALSE,2,50 to 54,55 to 59,NA,
354,F,1 to 2,TRUE,2,TRUE,0,TRUE,3,25 to 29,30 to 34,2,
355,F,15 to 19,TRUE,10,FALSE,NA,FALSE,3,20 to 24,20 to 24,1,
356,F,1 to 2,TRUE,1.5,TRUE,0,FALSE,2,35 to 39,35 to 39,3,
357,M,5 to 7,FALSE,NA,TRUE,1.5,FALSE,3,25 to 29,25 to 29,1,
358,M,11 to 14,TRUE,1,TRUE,0.75,TRUE,3,55 to 59,55 to 59,1,
360,M,15 to 19,TRUE,6,TRUE,0,FALSE,2,30 to 34,30 to 34,1,
361,F,11 to 14,TRUE,9,TRUE,14,FALSE,2,40 to 44,40 to 44,3,
362,F,3 to 4,TRUE,1.5,TRUE,0.12,FALSE,3,45 to 49,45 to 49,2,
363,M,11 to 14,TRUE,9,TRUE,0,FALSE,1,35 to 39,35 to 39,4,
364,F,15 to 19,TRUE,2.5,TRUE,0,FALSE,3,50 to 54,55 to 59,1,
365,F,5 to 7,FALSE,NA,TRUE,0.16,TRUE,3,45 to 49,45 to 49,4,
366,M,1 to 2,TRUE,8.5,TRUE,1,FALSE,2,30 to 34,30 to 34,1,
367,F,20 to 24,TRUE,14,FALSE,NA,FALSE,2,25 to 29,25 to 29,2,
368,M,11 to 14,TRUE,8,TRUE,0.3,TRUE,3,40 to 44,40 to 44,1,
369,F,15 to 19,TRUE,16,TRUE,0,FALSE,2,35 to 39,35 to 39,1,
370,M,30 to 34,FALSE,NA,TRUE,0.25,FALSE,2,35 to 39,35 to 39,1,
371,F,5 to 7,TRUE,35,TRUE,0,FALSE,3,25 to 29,40 to 44,1,
372,M,15 to 19,TRUE,10,TRUE,0,FALSE,3,50 to 54,50 to 54,1,
373,M,11 to 14,TRUE,12.5,TRUE,0,TRUE,3,25 to 29,30 to 34,4,
374,M,15 to 19,TRUE,1,TRUE,0.5,TRUE,2,25 to 29,25 to 29,1,
375,F,15 to 19,TRUE,3,TRUE,1,FALSE,3,25 to 29,25 to 29,1,
376,F,8 to 10,TRUE,2,FALSE,NA,FALSE,3,30 to 34,30 to 34,1,
377,F,5 to 7,FALSE,NA,TRUE,0,FALSE,1,30 to 34,30 to 34,1,
378,M,1 to 2,TRUE,9.5,TRUE,1.5,FALSE,2,15 to 20,15 to 20,3,
379,F,15 to 19,TRUE,6,TRUE,0,FALSE,3,50 to 54,50 to 54,3,
380,M,35 to 39,TRUE,13,FALSE,NA,FALSE,3,50 to 54,50 to 54,5,
381,F,15 to 19,TRUE,112,FALSE,NA,FALSE,2,40 to 44,40 to 44,3,
382,M,5 to 7,TRUE,8,TRUE,0.33,FALSE,2,30 to 34,30 to 34,1,
383,M,5 to 7,FALSE,NA,TRUE,0.08,FALSE,3,20 to 24,20 to 24,1,
384,M,5 to 7,TRUE,56,TRUE,NA,FALSE,2,40 to 44,45 to 49,4,
385,F,11 to 14,TRUE,7.5,FALSE,NA,FALSE,2,55 to 59,55 to 59,1,
387,F,8 to 10,TRUE,1.5,TRUE,0.08,FALSE,4,30 to 34,30 to 34,1,
388,F,5 to 7,TRUE,2.5,TRUE,0.08,FALSE,1,25 to 29,25 to 29,3,
389,M,25 to 29,TRUE,32,FALSE,NA,FALSE,3,30 to 34,30 to 34,1,
390,M,15 to 19,TRUE,11,FALSE,NA,TRUE,2,20 to 24,20 to 24,1,
391,M,15 to 19,TRUE,1.5,TRUE,1.5,FALSE,5,40 to 44,40 to 44,3,
392,M,30 to 34,TRUE,2,TRUE,NA,FALSE,3,50 to 54,55 to 59,1,
393,F,15 to 19,TRUE,10,FALSE,NA,FALSE,2,15 to 20,15 to 20,1,
394,F,3 to 4,TRUE,2,TRUE,0.16,FALSE,3,20 to 24,20 to 24,2,
395,F,25 to 29,FALSE,NA,FALSE,NA,FALSE,1,25 to 29,30 to 34,1,
396,F,5 to 7,TRUE,6,TRUE,0,FALSE,3,20 to 24,25 to 29,1,
397,F,3 to 4,FALSE,NA,TRUE,0,FALSE,2,45 to 49,45 to 49,1,
399,F,25 to 29,TRUE,28,TRUE,0,FALSE,2,35 to 39,35 to 39,1,
400,F,20 to 24,TRUE,3,FALSE,NA,FALSE,3,40 to 44,40 to 44,2,
401,M,11 to 14,TRUE,2,TRUE,0,FALSE,2,40 to 44,45 to 49,1,
402,F,11 to 14,TRUE,8,TRUE,0,FALSE,2,20 to 24,25 to 29,3,
403,F,15 to 19,TRUE,3,FALSE,NA,FALSE,1,20 to 24,20 to 24,1,
404,M,20 to 24,TRUE,14,FALSE,NA,FALSE,2,30 to 34,35 to 39,2,
405,M,15 to 19,TRUE,10,FALSE,NA,FALSE,2,20 to 24,20 to 24,1,
406,F,20 to 24,TRUE,4,TRUE,4,TRUE,3,30 to 34,30 to 34,4,
407,F,11 to 14,TRUE,12,TRUE,0.08,TRUE,3,15 to 20,20 to 24,1,
408,F,3 to 4,TRUE,2,TRUE,0,FALSE,2,35 to 39,40 to 44,2,
409,M,15 to 19,TRUE,28,TRUE,1,FALSE,3,15 to 20,20 to 24,4,
410,M,5 to 7,TRUE,5,TRUE,0,FALSE,2,50 to 54,55 to 59,1,
411,F,11 to 14,TRUE,168,FALSE,NA,FALSE,3,45 to 49,45 to 49,2,
412,F,Over 40,TRUE,1,TRUE,0,FALSE,3,50 to 54,50 to 54,1,
413,F,5 to 7,TRUE,2,TRUE,0,FALSE,3,45 to 49,45 to 49,1,
414,M,15 to 19,TRUE,14,FALSE,NA,FALSE,1,20 to 24,25 to 29,1,
415,M,15 to 19,TRUE,10,TRUE,0,FALSE,2,30 to 34,35 to 39,4,
416,M,15 to 19,TRUE,17,TRUE,0,FALSE,2,45 to 49,50 to 54,4,
417,F,15 to 19,TRUE,4,FALSE,NA,FALSE,1,50 to 54,55 to 59,NA,
418,F,8 to 10,TRUE,10,TRUE,1,TRUE,3,40 to 44,45 to 49,3,
419,M,1 to 2,TRUE,1,TRUE,0,FALSE,2,30 to 34,30 to 34,1,
420,M,1 to 2,TRUE,7,TRUE,0.5,FALSE,2,40 to 44,40 to 44,1,
421,F,8 to 10,TRUE,8,TRUE,0,FALSE,2,20 to 24,20 to 24,1,
422,M,25 to 29,TRUE,100,FALSE,NA,FALSE,1,40 to 44,40 to 44,NA,
423,M,20 to 24,TRUE,10,TRUE,10,FALSE,3,25 to 29,25 to 29,1,
424,M,15 to 19,TRUE,1.5,TRUE,0.75,FALSE,3,30 to 34,30 to 34,1,
425,M,Less than 1,TRUE,4,TRUE,4,FALSE,2,30 to 34,35 to 39,1,
426,M,3 to 4,TRUE,5,TRUE,0,FALSE,3,45 to 49,45 to 49,1,
427,F,8 to 10,TRUE,2,TRUE,NA,FALSE,3,40 to 44,40 to 44,3,
428,M,3 to 4,TRUE,10,TRUE,0,FALSE,4,50 to 54,50 to 54,3,
429,M,11 to 14,TRUE,10,TRUE,10,FALSE,3,25 to 29,30 to 34,2,
430,M,5 to 7,TRUE,56,TRUE,0.29,FALSE,2,35 to 39,40 to 44,1,
431,M,11 to 14,TRUE,14,TRUE,0,FALSE,2,35 to 39,35 to 39,1,
432,M,8 to 10,TRUE,3,TRUE,0,TRUE,2,25 to 29,25 to 29,1,
433,F,5 to 7,TRUE,18,TRUE,0,FALSE,3,60 to 64,60 to 64,1,
434,M,30 to 34,FALSE,NA,TRUE,0,FALSE,1,35 to 39,35 to 39,NA,
435,M,5 to 7,FALSE,NA,TRUE,5,FALSE,3,20 to 24,25 to 29,4,
436,M,11 to 14,TRUE,4,TRUE,0,FALSE,3,25 to 29,35 to 39,1,
437,F,1 to 2,TRUE,3,FALSE,NA,FALSE,1,25 to 29,25 to 29,1,
438,M,3 to 4,TRUE,16,TRUE,0.25,TRUE,1,40 to 44,40 to 44,4,
439,M,11 to 14,TRUE,10,TRUE,0.5,FALSE,2,30 to 34,35 to 39,NA,
440,F,30 to 34,TRUE,1,TRUE,0.08,FALSE,2,50 to 54,50 to 54,4,
441,F,5 to 7,TRUE,4,TRUE,1.5,FALSE,3,30 to 34,30 to 34,1,
442,F,11 to 14,TRUE,1,TRUE,1,TRUE,3,40 to 44,45 to 49,5,
443,M,15 to 19,TRUE,126,FALSE,NA,FALSE,3,20 to 24,25 to 29,1,
444,F,8 to 10,TRUE,1.5,TRUE,0,FALSE,2,25 to 29,25 to 29,1,
445,F,30 to 34,TRUE,10,TRUE,7.5,FALSE,2,35 to 39,35 to 39,2,
446,F,11 to 14,TRUE,0.3,TRUE,0,FALSE,3,45 to 49,45 to 49,5,
447,F,20 to 24,TRUE,6,FALSE,NA,FALSE,2,65 to 70,65 to 70,1,
448,F,20 to 24,TRUE,3,TRUE,3,FALSE,3,35 to 39,35 to 39,1,
449,F,Over 40,TRUE,14,TRUE,4,TRUE,2,65 to 70,65 to 70,4,
450,M,3 to 4,TRUE,28,TRUE,0,FALSE,3,25 to 29,25 to 29,3,
451,F,8 to 10,TRUE,10,TRUE,0,FALSE,2,40 to 44,40 to 44,1,
452,F,3 to 4,TRUE,2.5,TRUE,1,FALSE,3,35 to 39,35 to 39,1,
453,M,20 to 24,TRUE,11.5,TRUE,10,TRUE,3,35 to 39,35 to 39,4,
454,M,Less than 1,TRUE,12,TRUE,0,TRUE,2,35 to 39,35 to 39,1,
455,F,5 to 7,TRUE,4.5,TRUE,0.08,FALSE,2,40 to 44,40 to 44,1,
459,M,11 to 14,TRUE,0.5,FALSE,NA,FALSE,4,15 to 20,20 to 24,3,
460,M,Over 40,TRUE,14,TRUE,0.25,FALSE,2,45 to 49,50 to 54,1,
461,M,5 to 7,TRUE,22,TRUE,0.29,FALSE,2,40 to 44,40 to 44,3,
462,F,15 to 19,TRUE,56,TRUE,0,FALSE,1,15 to 20,15 to 20,1,
463,F,11 to 14,TRUE,5,FALSE,NA,FALSE,2,25 to 29,25 to 29,1,
